{
    "response": [
        {
            "first_name": "Алёна",
            "hidden": 1,
            "last_name": "Привалова",
            "uid": 8507584
        },
        {
            "first_name": "Евгений",
            "last_name": "Лаптев",
            "uid": 8603468
        },
        {
            "first_name": "Александра",
            "last_name": "Матвеева",
            "uid": 14839361
        },
        {
            "first_name": "Данила",
            "hidden": 1,
            "last_name": "Долгошеин",
            "uid": 17346928
        },
        {
            "first_name": "Ксения",
            "hidden": 1,
            "last_name": "Олеговна",
            "uid": 18473276
        },
        {
            "first_name": "Руслан",
            "last_name": "Мялькаев",
            "uid": 19826960
        },
        {
            "first_name": "Алина",
            "last_name": "Мусинова",
            "uid": 24535835
        },
        {
            "first_name": "Arsenii",
            "hidden": 1,
            "last_name": "Вильданов",
            "uid": 25669439
        },
        {
            "first_name": "Анна",
            "hidden": 1,
            "last_name": "Вердиева",
            "uid": 25706119
        },
        {
            "first_name": "Маргарита",
            "hidden": 1,
            "last_name": "Малянова",
            "uid": 28786424
        },
        {
            "first_name": "Андрей",
            "last_name": "Логанов",
            "uid": 31040231
        },
        {
            "first_name": "Anastasya",
            "hidden": 1,
            "last_name": "Svintsova",
            "uid": 36827405
        },
        {
            "first_name": "Анна",
            "last_name": "Подображных",
            "uid": 36859797
        },
        {
            "first_name": "Роман",
            "last_name": "Борунов",
            "uid": 38384854
        },
        {
            "first_name": "Милана",
            "hidden": 1,
            "last_name": "Яковлева",
            "uid": 38570692
        },
        {
            "first_name": "Александр",
            "last_name": "Баранов",
            "uid": 38599149
        },
        {
            "first_name": "Иван",
            "last_name": "Марычев",
            "uid": 38806486
        },
        {
            "first_name": "Светлана",
            "hidden": 1,
            "last_name": "Никульшина",
            "uid": 44299233
        },
        {
            "first_name": "Ирина",
            "hidden": 1,
            "last_name": "Зайцева",
            "uid": 46681055
        },
        {
            "first_name": "Соня",
            "last_name": "Александрова",
            "uid": 50793927
        },
        {
            "first_name": "Анастасия",
            "last_name": "Богатая",
            "uid": 50862681
        },
        {
            "first_name": "Андрей",
            "last_name": "Ковалев",
            "uid": 51450047
        },
        {
            "first_name": "Андрей",
            "last_name": "Есипов",
            "uid": 52273678
        },
        {
            "first_name": "Лёша",
            "last_name": "Михайлов",
            "uid": 52590928
        },
        {
            "first_name": "Лера",
            "hidden": 1,
            "last_name": "Николаева",
            "uid": 53196506
        },
        {
            "first_name": "Юра",
            "last_name": "Шмелёв",
            "uid": 55315228
        },
        {
            "first_name": "Екатерина",
            "last_name": "Dydoriva",
            "uid": 59409082
        },
        {
            "first_name": "Дарья",
            "hidden": 1,
            "last_name": "Фокина",
            "uid": 64582384
        },
        {
            "first_name": "Сергей",
            "hidden": 1,
            "last_name": "Лапшин",
            "uid": 67804808
        },
        {
            "first_name": "Регина",
            "hidden": 1,
            "last_name": "Дан",
            "uid": 69288620
        },
        {
            "first_name": "Никита",
            "last_name": "Степанов",
            "uid": 69399227
        },
        {
            "first_name": "Пётр",
            "last_name": "Макеев",
            "uid": 69613582
        },
        {
            "first_name": "Виктор",
            "last_name": "Трушин",
            "uid": 76829226
        },
        {
            "first_name": "Даниил",
            "last_name": "Купчин",
            "uid": 79126817
        },
        {
            "first_name": "Вячеслав",
            "hidden": 1,
            "last_name": "Карабанов",
            "uid": 82330788
        },
        {
            "first_name": "Игорь",
            "last_name": "Александров",
            "uid": 85137578
        },
        {
            "first_name": "Станислав",
            "last_name": "Журжин",
            "uid": 94737911
        },
        {
            "first_name": "Людмила",
            "hidden": 1,
            "last_name": "Хоменко",
            "uid": 99676574
        },
        {
            "first_name": "Даша",
            "hidden": 1,
            "last_name": "Муравьёва",
            "uid": 102471143
        },
        {
            "first_name": "Гриша",
            "last_name": "Шабалов",
            "uid": 103312779
        },
        {
            "first_name": "Вадим",
            "last_name": "Жирнов",
            "uid": 103969793
        },
        {
            "first_name": "Дарья",
            "hidden": 1,
            "last_name": "Шлыкова",
            "uid": 105205798
        },
        {
            "first_name": "Володя",
            "hidden": 1,
            "last_name": "Зунин",
            "uid": 114293601
        },
        {
            "first_name": "Лиза",
            "last_name": "Твердохлеб",
            "uid": 129391462
        },
        {
            "first_name": "Сергей",
            "hidden": 1,
            "last_name": "Хобта",
            "uid": 135212309
        },
        {
            "first_name": "Анна",
            "hidden": 1,
            "last_name": "Даньшина",
            "uid": 145303122
        },
        {
            "first_name": "Маша",
            "last_name": "Максимова",
            "uid": 145307497
        },
        {
            "first_name": "Сергей",
            "hidden": 1,
            "last_name": "Вавилкин",
            "uid": 146582685
        },
        {
            "first_name": "Иван",
            "last_name": "Витвицкий",
            "uid": 152102639
        },
        {
            "first_name": "Даниил",
            "last_name": "Кукушкин",
            "uid": 152122095
        },
        {
            "first_name": "Юрий",
            "last_name": "Иванов",
            "uid": 159957454
        },
        {
            "first_name": "Саша",
            "hidden": 1,
            "last_name": "Руденко",
            "uid": 160950815
        },
        {
            "first_name": "Ксюша",
            "hidden": 1,
            "last_name": "Казакова",
            "uid": 162467231
        },
        {
            "first_name": "Никита",
            "last_name": "Бурлаков",
            "uid": 166071181
        },
        {
            "first_name": "Алла",
            "hidden": 1,
            "last_name": "Шафигулина",
            "uid": 173996870
        },
        {
            "first_name": "Ламия",
            "last_name": "Садомская",
            "uid": 181783815
        },
        {
            "first_name": "Никита",
            "last_name": "Трунаев",
            "uid": 185743365
        },
        {
            "first_name": "Надежда",
            "hidden": 1,
            "last_name": "Алексеевна",
            "uid": 193885106
        },
        {
            "first_name": "Даша",
            "last_name": "Ткаченко",
            "uid": 207011569
        },
        {
            "first_name": "Катя",
            "last_name": "Стародубцева",
            "uid": 278371305
        },
        {
            "first_name": "Кирилл",
            "last_name": "Олегин",
            "uid": 282703735
        },
        {
            "first_name": "Rinat",
            "last_name": "Zubaidullin",
            "uid": 289932255
        },
        {
            "first_name": "Марина",
            "hidden": 1,
            "last_name": "Панова",
            "uid": 305720483
        },
        {
            "first_name": "Лена",
            "hidden": 1,
            "last_name": "Федюнина",
            "uid": 314594071
        },
        {
            "first_name": "Mark",
            "last_name": "Kulichev",
            "uid": 318619895
        },
        {
            "first_name": "Руслан",
            "last_name": "Кадыров",
            "uid": 318877544
        },
        {
            "first_name": "Ксения",
            "last_name": "Трофимова",
            "uid": 321464077
        }
    ]
}